file,servizio,modello,prompt,data,costo_stimato,note
source-assets/pixellab/2026-09-26-ottavia-v1-south/ottavia_south_v1.png,PixelLab,create_image_pro_flash (Pro Flash; gpt-image-2.5-flare) 64x64,"Pixel art game sprite, single character facing south (front view, straight-on toward the viewer), low top-down 3/4 RPG view, full body, transparent background. Character is about 44 pixels tall, feet near the bottom of the 64x64 canvas; the staff reaches near the top edge. 60-year-old woman, lean, broad shoulders, long arms, a worker, not a heroine. Iron-grey hair tied in a low knot with a piece of rope, crooked nose, pale squinting eyes. Knee-length slate-blue coat patched with mismatched fabrics; the BACK of the coat is strongly sun-faded to pale beige, the front stays darker. Hemp rope worn across the chest with many small knots, coiled at her left hip. In her RIGHT hand a hooked wooden staff taller than her, with a small iron lantern hanging from the hook at the top. Small round mirror on a short stalk on her LEFT shoulder. Dark teal scarf. Mismatched boots, the left one with ice crampons. Calm, upright posture. Palette: coat #3B4163, faded parts #B8AD98, rope #C9A96E, scarf #2E5B5E, hair #8A8C96, lantern light #FFC46B, outline #1E1A33. Since she faces the viewer, her right hand and the staff appear on the left side of the image, the mirror and the rope coil on the right side of the image.",2026-09-26,5 generazioni,"Ottavia v1 passo 1, variante 1, seed 1; style ref: fotogramma sud di ottavia_test_sheet.png; prompt completo anche in source-assets/pixellab/2026-09-26-ottavia-v1-south/prompt.txt"
source-assets/pixellab/2026-09-26-ottavia-v1-south/ottavia_south_v2.png,PixelLab,create_image_pro_flash (Pro Flash; gpt-image-2.5-flare) 64x64,"Pixel art game sprite, single character facing south (front view, straight-on toward the viewer), low top-down 3/4 RPG view, full body, transparent background. Character is about 44 pixels tall, feet near the bottom of the 64x64 canvas; the staff reaches near the top edge. 60-year-old woman, lean, broad shoulders, long arms, a worker, not a heroine. Iron-grey hair tied in a low knot with a piece of rope, crooked nose, pale squinting eyes. Knee-length slate-blue coat patched with mismatched fabrics; the BACK of the coat is strongly sun-faded to pale beige, the front stays darker. Hemp rope worn across the chest with many small knots, coiled at her left hip. In her RIGHT hand a hooked wooden staff taller than her, with a small iron lantern hanging from the hook at the top. Small round mirror on a short stalk on her LEFT shoulder. Dark teal scarf. Mismatched boots, the left one with ice crampons. Calm, upright posture. Palette: coat #3B4163, faded parts #B8AD98, rope #C9A96E, scarf #2E5B5E, hair #8A8C96, lantern light #FFC46B, outline #1E1A33. Since she faces the viewer, her right hand and the staff appear on the left side of the image, the mirror and the rope coil on the right side of the image.",2026-09-26,5 generazioni,"Ottavia v1 passo 1, variante 2, seed 3; style ref: fotogramma sud di ottavia_test_sheet.png; prompt completo anche in source-assets/pixellab/2026-09-26-ottavia-v1-south/prompt.txt"
source-assets/pixellab/2026-09-26-ottavia-v1-south/ottavia_south_v3.png,PixelLab,create_image_pro_flash (Pro Flash; gpt-image-2.5-flare) 64x64,"Pixel art game sprite, single character facing south (front view, straight-on toward the viewer), low top-down 3/4 RPG view, full body, transparent background. Character is about 44 pixels tall, feet near the bottom of the 64x64 canvas; the staff reaches near the top edge. 60-year-old woman, lean, broad shoulders, long arms, a worker, not a heroine. Iron-grey hair tied in a low knot with a piece of rope, crooked nose, pale squinting eyes. Knee-length slate-blue coat patched with mismatched fabrics; the BACK of the coat is strongly sun-faded to pale beige, the front stays darker. Hemp rope worn across the chest with many small knots, coiled at her left hip. In her RIGHT hand a hooked wooden staff taller than her, with a small iron lantern hanging from the hook at the top. Small round mirror on a short stalk on her LEFT shoulder. Dark teal scarf. Mismatched boots, the left one with ice crampons. Calm, upright posture. Palette: coat #3B4163, faded parts #B8AD98, rope #C9A96E, scarf #2E5B5E, hair #8A8C96, lantern light #FFC46B, outline #1E1A33. Since she faces the viewer, her right hand and the staff appear on the left side of the image, the mirror and the rope coil on the right side of the image.",2026-09-26,5 generazioni,"Ottavia v1 passo 1, variante 3, seed 4; style ref: fotogramma sud di ottavia_test_sheet.png; prompt completo anche in source-assets/pixellab/2026-09-26-ottavia-v1-south/prompt.txt"
source-assets/pixellab/2026-09-26-ottavia-v1-south/ottavia_south_v4.png,PixelLab,create_image_pro_flash (Pro Flash; gpt-image-2.5-flare) 64x64,"Pixel art game sprite, single character facing south (front view, straight-on toward the viewer), low top-down 3/4 RPG view, full body, transparent background. Character is about 44 pixels tall, feet near the bottom of the 64x64 canvas; the staff reaches near the top edge. 60-year-old woman, lean, broad shoulders, long arms, a worker, not a heroine. Iron-grey hair tied in a low knot with a piece of rope, crooked nose, pale squinting eyes. Knee-length slate-blue coat patched with mismatched fabrics; the BACK of the coat is strongly sun-faded to pale beige, the front stays darker. Hemp rope worn across the chest with many small knots, coiled at her left hip. In her RIGHT hand a hooked wooden staff taller than her, with a small iron lantern hanging from the hook at the top. Small round mirror on a short stalk on her LEFT shoulder. Dark teal scarf. Mismatched boots, the left one with ice crampons. Calm, upright posture. Palette: coat #3B4163, faded parts #B8AD98, rope #C9A96E, scarf #2E5B5E, hair #8A8C96, lantern light #FFC46B, outline #1E1A33. Since she faces the viewer, her right hand and the staff appear on the left side of the image, the mirror and the rope coil on the right side of the image.",2026-09-26,5 generazioni,"Ottavia v1 passo 1, variante 4, seed 2; style ref: fotogramma sud di ottavia_test_sheet.png; prompt completo anche in source-assets/pixellab/2026-09-26-ottavia-v1-south/prompt.txt"
source-assets/pixellab/2026-09-26-ottavia-v1-south/ottavia_south_v3_hook_a.png,PixelLab,inpaint_image_pro_flash (Pro Flash) 64x64,"Top of a tall wooden walking staff held by an old woman: the staff ends in a curved black iron hook (shepherds crook shape) that bends over to the right, and a small iron lantern with warm yellow light #FFC46B hangs from the tip of the hook on a short chain. Dark outline #1E1A33, same pixel-art style, flat simple shading. Transparent background around it.",2026-09-26,5 generazioni,"Ottavia v1: variante 3 con cima del bastone rifatta a gancio di ferro; maschera source-assets/pixellab/2026-09-26-ottavia-v1-south/mask_v3_hook.png; seed 1; 0 pixel cambiati fuori maschera"
source-assets/pixellab/2026-09-26-ottavia-v1-south/ottavia_south_v3_hook_b.png,PixelLab,inpaint_image_pro_flash (Pro Flash) 64x64,"Tiny pixel-art detail at the top of a wooden staff: the wooden shaft continues up one or two pixels, then a short grey iron hook, 1 pixel thick with dark outline #1E1A33, curves over to the RIGHT (toward the character standing on the right) and ends pointing down directly above the lantern ring below, so the lantern hangs exactly from the tip of the hook. Clean solid lines, no stray pixels, no chain loops, nothing else. Transparent background everywhere else.",2026-09-27,5 generazioni,"Ottavia v1: variante 3 originale, cima del bastone rifatta (tentativo 1 di 2); maschera source-assets/pixellab/2026-09-26-ottavia-v1-south/mask_v3_hook_b.png; seed 7; 0 pixel cambiati fuori maschera; hook_a scartato"
source-assets/pixellab/2026-09-26-ottavia-v1-south/ottavia_south_v1_definitiva.png,manuale (script Python/Pillow),nessuno (modifica a mano),,2026-09-27,0,"Vista sud definitiva Ottavia v1: ottavia_south_v3_hook_b.png + contorno #141125 (colore contorno dominante dello sprite) attorno al gancio: 10 pixel aggiunti, 7 ricolorati; 17 pixel cambiati in tutto, tutti in x13-23 y0-6"
source-assets/pixellab/2026-09-27-ottavia-v1-rotations/south.png,PixelLab,create_character_pro_flash (Pro Flash V3 rotations) 64x64,"Ottavia, 60-year-old woman, lean, broad shoulders, long arms, a worker, not a heroine. Iron-grey hair tied in a low knot with a piece of rope. Knee-length slate-blue coat patched with mismatched fabrics; the BACK of the coat is strongly sun-faded to pale beige (#B8AD98), the front stays dark slate blue (#3B4163): from behind she looks mostly pale beige. Hemp rope across the chest from her right shoulder to her LEFT hip, where it is coiled. She always holds a tall hooked wooden staff in her RIGHT hand, with a short curved iron hook at the top and a small iron lantern hanging from the hook. Small round mirror on a short stalk on her LEFT shoulder. Dark teal scarf. Mismatched boots, the left one with ice crampons. Calm upright posture. Asymmetric character: never mirror; staff always in the right hand, mirror always on the left shoulder, rope coil always on the left hip.",2026-09-27,1 generazione (tutte e 8),"Ottavia v1 rotazione south grezza; character_id 1a21af9c; prima vista: ottavia_south_v1_definitiva.png"
source-assets/pixellab/2026-09-27-ottavia-v1-rotations/south-east.png,PixelLab,create_character_pro_flash (Pro Flash V3 rotations) 64x64,"Ottavia, 60-year-old woman, lean, broad shoulders, long arms, a worker, not a heroine. Iron-grey hair tied in a low knot with a piece of rope. Knee-length slate-blue coat patched with mismatched fabrics; the BACK of the coat is strongly sun-faded to pale beige (#B8AD98), the front stays dark slate blue (#3B4163): from behind she looks mostly pale beige. Hemp rope across the chest from her right shoulder to her LEFT hip, where it is coiled. She always holds a tall hooked wooden staff in her RIGHT hand, with a short curved iron hook at the top and a small iron lantern hanging from the hook. Small round mirror on a short stalk on her LEFT shoulder. Dark teal scarf. Mismatched boots, the left one with ice crampons. Calm upright posture. Asymmetric character: never mirror; staff always in the right hand, mirror always on the left shoulder, rope coil always on the left hip.",2026-09-27,incluso,"Ottavia v1 rotazione south-east grezza; character_id 1a21af9c; prima vista: ottavia_south_v1_definitiva.png"
source-assets/pixellab/2026-09-27-ottavia-v1-rotations/east.png,PixelLab,create_character_pro_flash (Pro Flash V3 rotations) 64x64,"Ottavia, 60-year-old woman, lean, broad shoulders, long arms, a worker, not a heroine. Iron-grey hair tied in a low knot with a piece of rope. Knee-length slate-blue coat patched with mismatched fabrics; the BACK of the coat is strongly sun-faded to pale beige (#B8AD98), the front stays dark slate blue (#3B4163): from behind she looks mostly pale beige. Hemp rope across the chest from her right shoulder to her LEFT hip, where it is coiled. She always holds a tall hooked wooden staff in her RIGHT hand, with a short curved iron hook at the top and a small iron lantern hanging from the hook. Small round mirror on a short stalk on her LEFT shoulder. Dark teal scarf. Mismatched boots, the left one with ice crampons. Calm upright posture. Asymmetric character: never mirror; staff always in the right hand, mirror always on the left shoulder, rope coil always on the left hip.",2026-09-27,incluso,"Ottavia v1 rotazione east grezza; character_id 1a21af9c; prima vista: ottavia_south_v1_definitiva.png"
source-assets/pixellab/2026-09-27-ottavia-v1-rotations/north-east.png,PixelLab,create_character_pro_flash (Pro Flash V3 rotations) 64x64,"Ottavia, 60-year-old woman, lean, broad shoulders, long arms, a worker, not a heroine. Iron-grey hair tied in a low knot with a piece of rope. Knee-length slate-blue coat patched with mismatched fabrics; the BACK of the coat is strongly sun-faded to pale beige (#B8AD98), the front stays dark slate blue (#3B4163): from behind she looks mostly pale beige. Hemp rope across the chest from her right shoulder to her LEFT hip, where it is coiled. She always holds a tall hooked wooden staff in her RIGHT hand, with a short curved iron hook at the top and a small iron lantern hanging from the hook. Small round mirror on a short stalk on her LEFT shoulder. Dark teal scarf. Mismatched boots, the left one with ice crampons. Calm upright posture. Asymmetric character: never mirror; staff always in the right hand, mirror always on the left shoulder, rope coil always on the left hip.",2026-09-27,incluso,"Ottavia v1 rotazione north-east grezza; character_id 1a21af9c; prima vista: ottavia_south_v1_definitiva.png"
source-assets/pixellab/2026-09-27-ottavia-v1-rotations/north.png,PixelLab,create_character_pro_flash (Pro Flash V3 rotations) 64x64,"Ottavia, 60-year-old woman, lean, broad shoulders, long arms, a worker, not a heroine. Iron-grey hair tied in a low knot with a piece of rope. Knee-length slate-blue coat patched with mismatched fabrics; the BACK of the coat is strongly sun-faded to pale beige (#B8AD98), the front stays dark slate blue (#3B4163): from behind she looks mostly pale beige. Hemp rope across the chest from her right shoulder to her LEFT hip, where it is coiled. She always holds a tall hooked wooden staff in her RIGHT hand, with a short curved iron hook at the top and a small iron lantern hanging from the hook. Small round mirror on a short stalk on her LEFT shoulder. Dark teal scarf. Mismatched boots, the left one with ice crampons. Calm upright posture. Asymmetric character: never mirror; staff always in the right hand, mirror always on the left shoulder, rope coil always on the left hip.",2026-09-27,incluso,"Ottavia v1 rotazione north grezza; character_id 1a21af9c; prima vista: ottavia_south_v1_definitiva.png"
source-assets/pixellab/2026-09-27-ottavia-v1-rotations/north-west.png,PixelLab,create_character_pro_flash (Pro Flash V3 rotations) 64x64,"Ottavia, 60-year-old woman, lean, broad shoulders, long arms, a worker, not a heroine. Iron-grey hair tied in a low knot with a piece of rope. Knee-length slate-blue coat patched with mismatched fabrics; the BACK of the coat is strongly sun-faded to pale beige (#B8AD98), the front stays dark slate blue (#3B4163): from behind she looks mostly pale beige. Hemp rope across the chest from her right shoulder to her LEFT hip, where it is coiled. She always holds a tall hooked wooden staff in her RIGHT hand, with a short curved iron hook at the top and a small iron lantern hanging from the hook. Small round mirror on a short stalk on her LEFT shoulder. Dark teal scarf. Mismatched boots, the left one with ice crampons. Calm upright posture. Asymmetric character: never mirror; staff always in the right hand, mirror always on the left shoulder, rope coil always on the left hip.",2026-09-27,incluso,"Ottavia v1 rotazione north-west grezza; character_id 1a21af9c; prima vista: ottavia_south_v1_definitiva.png"
source-assets/pixellab/2026-09-27-ottavia-v1-rotations/west.png,PixelLab,create_character_pro_flash (Pro Flash V3 rotations) 64x64,"Ottavia, 60-year-old woman, lean, broad shoulders, long arms, a worker, not a heroine. Iron-grey hair tied in a low knot with a piece of rope. Knee-length slate-blue coat patched with mismatched fabrics; the BACK of the coat is strongly sun-faded to pale beige (#B8AD98), the front stays dark slate blue (#3B4163): from behind she looks mostly pale beige. Hemp rope across the chest from her right shoulder to her LEFT hip, where it is coiled. She always holds a tall hooked wooden staff in her RIGHT hand, with a short curved iron hook at the top and a small iron lantern hanging from the hook. Small round mirror on a short stalk on her LEFT shoulder. Dark teal scarf. Mismatched boots, the left one with ice crampons. Calm upright posture. Asymmetric character: never mirror; staff always in the right hand, mirror always on the left shoulder, rope coil always on the left hip.",2026-09-27,incluso,"Ottavia v1 rotazione west grezza; character_id 1a21af9c; prima vista: ottavia_south_v1_definitiva.png"
source-assets/pixellab/2026-09-27-ottavia-v1-rotations/south-west.png,PixelLab,create_character_pro_flash (Pro Flash V3 rotations) 64x64,"Ottavia, 60-year-old woman, lean, broad shoulders, long arms, a worker, not a heroine. Iron-grey hair tied in a low knot with a piece of rope. Knee-length slate-blue coat patched with mismatched fabrics; the BACK of the coat is strongly sun-faded to pale beige (#B8AD98), the front stays dark slate blue (#3B4163): from behind she looks mostly pale beige. Hemp rope across the chest from her right shoulder to her LEFT hip, where it is coiled. She always holds a tall hooked wooden staff in her RIGHT hand, with a short curved iron hook at the top and a small iron lantern hanging from the hook. Small round mirror on a short stalk on her LEFT shoulder. Dark teal scarf. Mismatched boots, the left one with ice crampons. Calm upright posture. Asymmetric character: never mirror; staff always in the right hand, mirror always on the left shoulder, rope coil always on the left hip.",2026-09-27,incluso,"Ottavia v1 rotazione south-west grezza; character_id 1a21af9c; prima vista: ottavia_south_v1_definitiva.png"
source-assets/pixellab/2026-09-27-ottavia-v1-rotations/fixed/south-east.png,manuale (script Python/Pillow),nessuno (modifica a mano),,2026-09-27,0,"Rotazione sud-est corretta: specchio mancante, copiati 20 pixel dello specchio dalla rotazione sud (x36-40 y19-26) solo su pixel trasparenti"
source-assets/pixellab/2026-09-27-ottavia-v1-rotations/fixed/west_inpaint_a.png,PixelLab,inpaint_image_pro_flash (Pro Flash) 64x64,"Side profile of an old womans head facing LEFT, pixel art: pale skin face with a crooked nose and squinting eye on the left side, iron-grey hair tied in a small low knot at the back of the head. A SMALL round mirror (about 3 pixels wide, pale blue-grey glass, dark outline) on a short thin stalk rising from her shoulder, placed just BEHIND her head on the right side, not covering the face. Dark teal scarf at the neck. Dark outline #141125, same style and shading as the rest of the sprite. Transparent background around the head.",2026-09-27,5 generazioni,"Rotazione ovest: specchio davanti al viso rifatto; maschera source-assets/pixellab/2026-09-27-ottavia-v1-rotations/fixed/mask_west_mirror.png (x24-38 y17-26); seed 3; 0 pixel cambiati fuori maschera"
source-assets/pixellab/2026-09-27-ottavia-v1-rotations/fixed/west.png,manuale (script Python/Pillow),nessuno (modifica a mano),,2026-09-27,0,"Rotazione ovest definitiva: west_inpaint_a.png + rimossi 3 pixel di contorno doppio (x39 y18-20) + specchio piccolo copiato dalla rotazione sud (17 pixel, spostamento -1,+2) dietro il collo"
source-assets/pixellab/2026-09-27-ottavia-v1-anim/frames/idle/s/00-07.png,PixelLab,"animate_character v3, 8 fotogrammi, keep_first_frame=false (tela generata 64-92 px, ritagliata al centro a 64x64)","standing still in a calm idle, slow gentle breathing (shoulders rise and fall slightly), the small lantern hanging from the hook at the top of the staff sways gently back and forth; the staff stays in the same hand, feet do not move; seamless loop",2026-09-27,1 generazione,Ottavia v1 idle_s; character_id 1a21af9c; partenza: rotazione del personaggio; originali in source-assets/pixellab/2026-09-27-ottavia-v1-anim/raw/
source-assets/pixellab/2026-09-27-ottavia-v1-anim/frames/idle/se/00-07.png,PixelLab,"animate_character v3, 8 fotogrammi, keep_first_frame=false (tela generata 64-92 px, ritagliata al centro a 64x64)","standing still in a calm idle, slow gentle breathing (shoulders rise and fall slightly), the small lantern hanging from the hook at the top of the staff sways gently back and forth; the staff stays in the same hand, feet do not move; seamless loop",2026-09-27,1 generazione,Ottavia v1 idle_se; character_id 1a21af9c; fotogramma di partenza personalizzato: rotazione corretta fixed/south-east.png; originali in source-assets/pixellab/2026-09-27-ottavia-v1-anim/raw/
source-assets/pixellab/2026-09-27-ottavia-v1-anim/frames/idle/e/00-07.png,PixelLab,"animate_character v3, 8 fotogrammi, keep_first_frame=false (tela generata 64-92 px, ritagliata al centro a 64x64)","standing still in a calm idle, slow gentle breathing (shoulders rise and fall slightly), the small lantern hanging from the hook at the top of the staff sways gently back and forth; the staff stays in the same hand, feet do not move; seamless loop",2026-09-27,1 generazione,Ottavia v1 idle_e; character_id 1a21af9c; partenza: rotazione del personaggio; originali in source-assets/pixellab/2026-09-27-ottavia-v1-anim/raw/
source-assets/pixellab/2026-09-27-ottavia-v1-anim/frames/idle/ne/00-07.png,PixelLab,"animate_character v3, 8 fotogrammi, keep_first_frame=false (tela generata 64-92 px, ritagliata al centro a 64x64)","standing still in a calm idle, slow gentle breathing (shoulders rise and fall slightly), the small lantern hanging from the hook at the top of the staff sways gently back and forth; the staff stays in the same hand, feet do not move; seamless loop",2026-09-27,1 generazione,Ottavia v1 idle_ne; character_id 1a21af9c; partenza: rotazione del personaggio; originali in source-assets/pixellab/2026-09-27-ottavia-v1-anim/raw/
source-assets/pixellab/2026-09-27-ottavia-v1-anim/frames/idle/n/00-07.png,PixelLab,"animate_character v3, 8 fotogrammi, keep_first_frame=false (tela generata 64-92 px, ritagliata al centro a 64x64)","standing still in a calm idle, slow gentle breathing (shoulders rise and fall slightly), the small lantern hanging from the hook at the top of the staff sways gently back and forth; the staff stays in the same hand, feet do not move; seamless loop",2026-09-27,1 generazione,Ottavia v1 idle_n; character_id 1a21af9c; partenza: rotazione del personaggio; originali in source-assets/pixellab/2026-09-27-ottavia-v1-anim/raw/
source-assets/pixellab/2026-09-27-ottavia-v1-anim/frames/idle/nw/00-07.png,PixelLab,"animate_character v3, 8 fotogrammi, keep_first_frame=false (tela generata 64-92 px, ritagliata al centro a 64x64)","standing still in a calm idle, slow gentle breathing (shoulders rise and fall slightly), the small lantern hanging from the hook at the top of the staff sways gently back and forth; the staff stays in the same hand, feet do not move; seamless loop",2026-09-27,2 generazioni,Ottavia v1 idle_nw; character_id 1a21af9c; partenza: rotazione del personaggio; originali in source-assets/pixellab/2026-09-27-ottavia-v1-anim/raw/
source-assets/pixellab/2026-09-27-ottavia-v1-anim/frames/idle/w/00-07.png,PixelLab,"animate_character v3, 8 fotogrammi, keep_first_frame=false (tela generata 64-92 px, ritagliata al centro a 64x64)","standing still in a calm idle, slow gentle breathing (shoulders rise and fall slightly), the small lantern hanging from the hook at the top of the staff sways gently back and forth; the staff stays in the same hand, feet do not move; seamless loop",2026-09-27,1 generazione,Ottavia v1 idle_w; character_id 1a21af9c; fotogramma di partenza personalizzato: rotazione corretta fixed/west.png; originali in source-assets/pixellab/2026-09-27-ottavia-v1-anim/raw/
source-assets/pixellab/2026-09-27-ottavia-v1-anim/frames/idle/sw/00-07.png,PixelLab,"animate_character v3, 8 fotogrammi, keep_first_frame=false (tela generata 64-92 px, ritagliata al centro a 64x64)","standing still in a calm idle, slow gentle breathing (shoulders rise and fall slightly), the small lantern hanging from the hook at the top of the staff sways gently back and forth; the staff stays in the same hand, feet do not move; seamless loop",2026-09-27,1 generazione,Ottavia v1 idle_sw; character_id 1a21af9c; partenza: rotazione del personaggio; originali in source-assets/pixellab/2026-09-27-ottavia-v1-anim/raw/
source-assets/pixellab/2026-09-27-ottavia-v1-anim/frames/walk/s/00-07.png,PixelLab,"animate_character v3, 8 fotogrammi, keep_first_frame=false (tela generata 64-92 px, ritagliata al centro a 64x64)","walking forward at a calm, steady pace, full walk cycle with alternating legs, the staff held upright in the same hand swinging slightly with each step, the lantern on the hook swaying; seamless loop",2026-09-27,1 generazione,Ottavia v1 walk_s; character_id 1a21af9c; partenza: rotazione del personaggio; originali in source-assets/pixellab/2026-09-27-ottavia-v1-anim/raw/
source-assets/pixellab/2026-09-27-ottavia-v1-anim/frames/walk/se/00-07.png,PixelLab,"animate_character v3, 8 fotogrammi, keep_first_frame=false (tela generata 64-92 px, ritagliata al centro a 64x64)","walking forward at a calm, steady pace, full walk cycle with alternating legs, the staff held upright in the same hand swinging slightly with each step, the lantern on the hook swaying; seamless loop",2026-09-27,1 generazione,Ottavia v1 walk_se; character_id 1a21af9c; fotogramma di partenza personalizzato: rotazione corretta fixed/south-east.png; originali in source-assets/pixellab/2026-09-27-ottavia-v1-anim/raw/
source-assets/pixellab/2026-09-27-ottavia-v1-anim/frames/walk/e/00-07.png,PixelLab,"animate_character v3, 8 fotogrammi, keep_first_frame=false (tela generata 64-92 px, ritagliata al centro a 64x64)","walking forward at a calm, steady pace, full walk cycle with alternating legs, the staff held upright in the same hand swinging slightly with each step, the lantern on the hook swaying; seamless loop",2026-09-27,1 generazione,Ottavia v1 walk_e; character_id 1a21af9c; partenza: rotazione del personaggio; originali in source-assets/pixellab/2026-09-27-ottavia-v1-anim/raw/
source-assets/pixellab/2026-09-27-ottavia-v1-anim/frames/walk/ne/00-07.png,PixelLab,"animate_character v3, 8 fotogrammi, keep_first_frame=false (tela generata 64-92 px, ritagliata al centro a 64x64)","walking forward at a calm, steady pace, full walk cycle with alternating legs, the staff held upright in the same hand swinging slightly with each step, the lantern on the hook swaying; seamless loop",2026-09-27,1 generazione,"Ottavia v1 walk_ne; character_id 1a21af9c; partenza: rotazione del personaggio; primo tentativo fallito per carico del server, rilanciato; originali in source-assets/pixellab/2026-09-27-ottavia-v1-anim/raw/"
source-assets/pixellab/2026-09-27-ottavia-v1-anim/frames/walk/n/00-07.png,PixelLab,"animate_character v3, 8 fotogrammi, keep_first_frame=false (tela generata 64-92 px, ritagliata al centro a 64x64)","walking forward at a calm, steady pace, full walk cycle with alternating legs, the staff held upright in the same hand swinging slightly with each step, the lantern on the hook swaying; seamless loop",2026-09-27,1 generazione,Ottavia v1 walk_n; character_id 1a21af9c; partenza: rotazione del personaggio; originali in source-assets/pixellab/2026-09-27-ottavia-v1-anim/raw/
source-assets/pixellab/2026-09-27-ottavia-v1-anim/frames/walk/nw/00-07.png,PixelLab,"animate_character v3, 8 fotogrammi, keep_first_frame=false (tela generata 64-92 px, ritagliata al centro a 64x64)","walking forward at a calm, steady pace, full walk cycle with alternating legs, the staff held upright in the same hand swinging slightly with each step, the lantern on the hook swaying; seamless loop",2026-09-27,2 generazioni,Ottavia v1 walk_nw; character_id 1a21af9c; partenza: rotazione del personaggio; originali in source-assets/pixellab/2026-09-27-ottavia-v1-anim/raw/
source-assets/pixellab/2026-09-27-ottavia-v1-anim/frames/walk/w/00-07.png,PixelLab,"animate_character v3, 8 fotogrammi, keep_first_frame=false (tela generata 64-92 px, ritagliata al centro a 64x64)","walking forward at a calm, steady pace, full walk cycle with alternating legs, the staff held upright in the same hand swinging slightly with each step, the lantern on the hook swaying; seamless loop",2026-09-27,1 generazione,Ottavia v1 walk_w; character_id 1a21af9c; fotogramma di partenza personalizzato: rotazione corretta fixed/west.png; originali in source-assets/pixellab/2026-09-27-ottavia-v1-anim/raw/
source-assets/pixellab/2026-09-27-ottavia-v1-anim/frames/walk/sw/00-07.png,PixelLab,"animate_character v3, 8 fotogrammi, keep_first_frame=false (tela generata 64-92 px, ritagliata al centro a 64x64)","walking forward at a calm, steady pace, full walk cycle with alternating legs, the staff held upright in the same hand swinging slightly with each step, the lantern on the hook swaying; seamless loop",2026-09-27,1 generazione,Ottavia v1 walk_sw; character_id 1a21af9c; partenza: rotazione del personaggio; originali in source-assets/pixellab/2026-09-27-ottavia-v1-anim/raw/
source-assets/pixellab/2026-09-27-ottavia-v1-anim/clean/,manuale (tools/ottavia_v1_build.py),nessuno,,2026-09-27,0,"Fotogrammi controllati: ritaglio 64x64, alfa binaria, colori rimappati alla palette delle rotazioni (2.290 pixel), contorno esterno uniformato a #1E1A33 (23.937 pixel); report in clean/report.json"
assets/sprites/ottavia/ottavia_v1.aseprite,Aseprite 1.3.18.6 (tools/ottavia_v1_aseprite.lua),nessuno,,2026-09-27,0,"Ottavia v1: 128 fotogrammi, 16 tag (idle_*/walk_* x 8 direzioni), durate 160/100 ms; da fotogrammi PixelLab controllati"
assets/sprites/ottavia/ottavia_v1_sheet.png,Aseprite 1.3.18.6 (esportazione),nessuno,,2026-09-27,0,"Spritesheet 512x1024, celle 64x64, 8 colonne x 16 righe; contenuto generato con PixelLab (dichiarazione AI)"
assets/sprites/ottavia/ottavia_v1_sheet.json,Aseprite 1.3.18.6 (esportazione),nessuno,,2026-09-27,0,"Dati dello spritesheet (json-array, tag, durate)"
source-assets/test/2026-09-27-pixellab-lantern-32.png,PixelLab,"create_image_pixflux 32x32, no_background, seed 1","small iron lantern with warm yellow light, simple game item icon",2026-09-27,1 generazione,"Fase 0, test di connessione; job f99c12cc-b811-42e6-8181-f9a61bbdb118"
source-assets/test/2026-09-27-scenario-cracked-earth-256.png,Scenario,"model_bfl-flux-2-klein-9b (FLUX.2 Klein 9b) 256x256, 4 step, seed 1","seamless low-resolution pixel art texture of dry cracked earth at warm sunset light, flat top-down view, limited palette",2026-09-27,1 CU (simulazione: 1 CU),"Fase 0, test di connessione; modello più economico disponibile, non è pixel art vera; progetto Scenario 'Nessuno'; job job_B7iXgKVQvsaPsvewMdnqay66, asset asset_ezYLuQ2EjiosCAHndxx5LByS"
source-assets/test/2026-09-27-meshy-crate-lowpoly.glb,Meshy,"text-to-3d meshy-5 preview, triangle, target_polycount 500, remesh, solo GLB","a simple wooden crate, low poly game prop",2026-09-27,5 crediti,"Fase 0, test di connessione; 439 triangoli, senza texture (solo preview); task 01a0e1e3-0162-72d5-a19e-33477016d6d8"
source-assets/test/2026-09-27-elevenlabs-staff-tap-2s.mp3,ElevenLabs,"sound-generation, duration_seconds 2.0, prompt_influence 0.5","A wooden walking staff tapping twice on dry hard ground, a small iron lantern creaking softly",2026-09-27,22 crediti (header character-cost),"Fase 0, test di connessione; MP3 128 kbps 44,1 kHz stereo, 2,04 s"
source-assets/scenario/2026-09-27-fase1-textures/grass_a.png,Scenario,"model_retrodiffusion-tile, style single_tile, 64x64, seed 11, 2 output","short dry meadow grass with small patches of bare earth, warm ochre and olive tones",2026-09-27,5 CU (10 CU per job),"Fase 1, texture prototipo; job job_dkAppw1oKNWtyQfnnc3EZWXe, variante a; SCELTA, copiata in assets/textures/proto/grass_dry.png"
source-assets/scenario/2026-09-27-fase1-textures/grass_b.png,Scenario,"model_retrodiffusion-tile, style single_tile, 64x64, seed 11, 2 output","short dry meadow grass with small patches of bare earth, warm ochre and olive tones",2026-09-27,5 CU (10 CU per job),"Fase 1, texture prototipo; job job_dkAppw1oKNWtyQfnnc3EZWXe, variante b; scartata"
source-assets/scenario/2026-09-27-fase1-textures/earth_a.png,Scenario,"model_retrodiffusion-tile, style single_tile, 64x64, seed 12, 2 output","side of a cliff of packed brown earth in horizontal layers with small stones and roots, seen from the side",2026-09-27,5 CU (10 CU per job),"Fase 1, texture prototipo; job job_hQWbvMaa6pKQuQJnEUMjhZAU, variante a; SCELTA, copiata in assets/textures/proto/earth_layers.png"
source-assets/scenario/2026-09-27-fase1-textures/earth_b.png,Scenario,"model_retrodiffusion-tile, style single_tile, 64x64, seed 12, 2 output","side of a cliff of packed brown earth in horizontal layers with small stones and roots, seen from the side",2026-09-27,5 CU (10 CU per job),"Fase 1, texture prototipo; job job_hQWbvMaa6pKQuQJnEUMjhZAU, variante b; scartata"
source-assets/scenario/2026-09-27-fase1-textures/paving_a.png,Scenario,"model_retrodiffusion-tile, style single_tile, 64x64, seed 13, 2 output","worn flat stone paving slabs of irregular size, pale sandstone, thin cracks, seen from above",2026-09-27,5 CU (10 CU per job),"Fase 1, texture prototipo; job job_nv9yYciktyDcwXonNHAswPw5, variante a; SCELTA, copiata in assets/textures/proto/paving_sandstone.png"
source-assets/scenario/2026-09-27-fase1-textures/paving_b.png,Scenario,"model_retrodiffusion-tile, style single_tile, 64x64, seed 13, 2 output","worn flat stone paving slabs of irregular size, pale sandstone, thin cracks, seen from above",2026-09-27,5 CU (10 CU per job),"Fase 1, texture prototipo; job job_nv9yYciktyDcwXonNHAswPw5, variante b; scartata"
source-assets/scenario/2026-09-27-fase1-textures/wall_a.png,Scenario,"model_retrodiffusion-tile, style single_tile, 64x64, seed 14, 2 output","old stone retaining wall of stacked rough blocks, grey-brown stone, mortar lines, seen from the front",2026-09-27,5 CU (10 CU per job),"Fase 1, texture prototipo; job job_zHUQ4ba1cQBnmwoF4stQpGsm, variante a; SCELTA, copiata in assets/textures/proto/wall_stone.png"
source-assets/scenario/2026-09-27-fase1-textures/wall_b.png,Scenario,"model_retrodiffusion-tile, style single_tile, 64x64, seed 14, 2 output","old stone retaining wall of stacked rough blocks, grey-brown stone, mortar lines, seen from the front",2026-09-27,5 CU (10 CU per job),"Fase 1, texture prototipo; job job_zHUQ4ba1cQBnmwoF4stQpGsm, variante b; scartata"
source-assets/scenario/2026-09-27-fase1-textures/wood_a.png,Scenario,"model_retrodiffusion-tile, style single_tile, 64x64, seed 15, 2 output","weathered wooden planks laid side by side, sun-bleached brown wood, visible grain and nails",2026-09-27,5 CU (10 CU per job),"Fase 1, texture prototipo; job job_ADMKYsmp2cJo6Z6wnTS33pGh, variante a; scartata"
source-assets/scenario/2026-09-27-fase1-textures/wood_b.png,Scenario,"model_retrodiffusion-tile, style single_tile, 64x64, seed 15, 2 output","weathered wooden planks laid side by side, sun-bleached brown wood, visible grain and nails",2026-09-27,5 CU (10 CU per job),"Fase 1, texture prototipo; job job_ADMKYsmp2cJo6Z6wnTS33pGh, variante b; SCELTA, copiata in assets/textures/proto/wood_planks.png"
source-assets/pixellab/2026-09-27-fase1-plants/grass_reeds.png,PixelLab,"create_image_pixflux 64x96, no_background, view side, selective outline, basic shading, seed 21","tall clump of dry wild grass and reeds with seed heads, all stems bending to the right as if leaning toward a low sun, olive green and straw yellow",2026-09-27,1 generazione,"Fase 1, pianta in primo piano (53); job b6762212-a1a9-4c44-a0ce-c8b9c3fd738b; ritagliata in assets/sprites/proto/plants/grass_reeds.png"
source-assets/pixellab/2026-09-27-fase1-plants/shrub_crooked.png,PixelLab,"create_image_pixflux 96x80, no_background, view side, selective outline, basic shading, seed 22","leafy crooked shrub with broad dark green leaves, branches bending to the right toward a low sun, dense foliage, game foreground plant",2026-09-27,1 generazione,"Fase 1, pianta in primo piano (53); job 3f0d6fbb-0546-4bbc-a31e-9bf7b76b3038; ritagliata in assets/sprites/proto/plants/shrub_crooked.png"
source-assets/pixellab/2026-09-27-fase1-plants/fern.png,PixelLab,"create_image_pixflux 80x96, no_background, view side, selective outline, basic shading, seed 23","tall fern fronds and broad leaves growing from the ground, fronds curving to the right, deep green with warm highlights, game foreground plant",2026-09-27,1 generazione,"Fase 1, pianta in primo piano (53); job 8b091cc1-d4f2-459a-ac72-c5e076563a50; ritagliata in assets/sprites/proto/plants/fern.png"
source-assets/meshy/2026-09-27-fase1-props/boulder (preview),Meshy,"text-to-3d meshy-5 preview, triangle, target_polycount 400, remesh","a single large weathered boulder rock, rounded with flat facets, low poly game prop",2026-09-27,5 crediti,"Fase 1; task 01a0e1fc-694b-7541-840d-53ac2aa7c4c4; non scaricato, usato dal refine"
source-assets/meshy/2026-09-27-fase1-props/tree_crooked (preview),Meshy,"text-to-3d meshy-5 preview, triangle, target_polycount 800, remesh","a small crooked tree whose trunk and branches all bend strongly to one side as if leaning toward a low sun, sparse round leaf clusters, stylized low poly game prop",2026-09-27,5 crediti,"Fase 1; task 01a0e1fc-71ad-70b3-b184-31b96110aa79; non scaricato, usato dal refine"
source-assets/meshy/2026-09-27-fase1-props/crate_textured.glb,Meshy,text-to-3d refine meshy-5 (texture 2K) sulla preview della fase 0,"weathered sun-bleached wooden crate, flat hand-painted colors, simple pixel art style, no photographic detail, warm brown planks with dark iron corners",2026-09-27,10 crediti,Fase 1; task 01a0e1fc-9e2c-704a-a574-3d1a54132f29; 414 triangoli; texture anche in crate_textured_base_color.png
source-assets/meshy/2026-09-27-fase1-props/boulder_textured.glb,Meshy,text-to-3d refine meshy-5 (texture 2K),"weathered sandstone boulder, warm grey-ochre stone, flat hand-painted colors, simple pixel art style, few large color areas, no photographic detail",2026-09-27,10 crediti,Fase 1; task 01a0e1ff-f091-70c8-9963-e25d3f59d580; 350 triangoli
source-assets/meshy/2026-09-27-fase1-props/tree_crooked_textured.glb,Meshy,text-to-3d refine meshy-5 (texture 2K),"crooked tree with dark brown bark and olive green leaf clusters, flat hand-painted colors, simple pixel art style, few large color areas, no photographic detail",2026-09-27,10 crediti,Fase 1; task 01a0e1ff-f9f2-7756-935b-55d2308c607f; 669 triangoli
assets/models/proto/crate.glb,manuale (tools/meshy_pixelize.py),nessuno,,2026-09-27,0,"Da crate_textured.glb: texture 128 px, 24 colori, filtro nearest, alta 0,9 m (54)"
assets/models/proto/boulder.glb,manuale (tools/meshy_pixelize.py),nessuno,,2026-09-27,0,"Da boulder_textured.glb: texture 128 px, 24 colori, filtro nearest, alta 1,4 m (54)"
assets/models/proto/tree_crooked.glb,manuale (tools/meshy_pixelize.py),nessuno,,2026-09-27,0,"Da tree_crooked_textured.glb: texture 128 px, 24 colori, filtro nearest, alto 4,5 m (54)"
source-assets/archivio/ottavia_test_sheet.png,copia,nessuno,,2026-09-27,0,"Copia di source-assets/test/ottavia_test_sheet.png per il prototipo visivo (Godot non legge source-assets); archiviato il 2026-09-27 (fase 2 passo 0), prima in assets/sprites/proto/"
assets/models/proto/crate.glb,manuale (tools/meshy_pixelize.py),nessuno,,2026-09-27,0,"Rielaborato a 30 px/m (54): texture 124 px, 24 colori, filtro nearest, alta 0,9 m; sostituisce la versione a 128 px"
assets/models/proto/boulder.glb,manuale (tools/meshy_pixelize.py),nessuno,,2026-09-27,0,"Rielaborato a 30 px/m (54): texture 120 px, 24 colori, filtro nearest, alta 1,4 m; sostituisce la versione a 128 px"
assets/models/proto/tree_crooked.glb,manuale (tools/meshy_pixelize.py),nessuno,,2026-09-27,0,"Rielaborato a 30 px/m (54): texture 276 px, 24 colori, filtro nearest, alto 4,5 m; sostituisce la versione a 128 px"
source-assets/scenario/2026-09-27-fase2-candidate/01_terreno_prato_secco.png,Scenario,"model_retrodiffusion-plus, style mc_texture, 128x128, tileX/tileY, inputPalette palette_v1 (asset_iqNDxYiPXUjTXDZqZ2nQoPtd), bypassPromptExpansion, seed 103","ground surface texture: short dry grass tufts in clumps with patches of bare earth and a few pebbles, evenly spread, seamless tileable, flat pixel-art shading, no objects",2026-09-27,10 CU,"Fase 2 passo 2, candidata immagine di riferimento (52); era la prova dello stile mc_texture"
source-assets/scenario/2026-09-27-fase2-candidate/02_terreno_sentiero.png,Scenario,"model_retrodiffusion-plus, style mc_texture, 128x128, tileX/tileY, inputPalette palette_v1 (asset_iqNDxYiPXUjTXDZqZ2nQoPtd), bypassPromptExpansion, seed 202","ground surface texture: packed dirt path with small stones and faint cart wheel ruts, dry warm brown earth, evenly spread, seamless tileable, flat pixel-art shading, no objects",2026-09-27,10 CU,"Fase 2 passo 2, candidata immagine di riferimento (52)"
source-assets/scenario/2026-09-27-fase2-candidate/03_terreno_muschio.png,Scenario,"model_retrodiffusion-plus, style mc_texture, 128x128, tileX/tileY, inputPalette palette_v1 (asset_iqNDxYiPXUjTXDZqZ2nQoPtd), bypassPromptExpansion, seed 203","ground surface texture: damp ground covered with moss patches and tiny sprouts, olive and dark green on dark soil, evenly spread, seamless tileable, flat pixel-art shading, no objects",2026-09-27,10 CU,"Fase 2 passo 2, candidata immagine di riferimento (52)"
source-assets/scenario/2026-09-27-fase2-candidate/04_terreno_solchi.png,Scenario,"model_retrodiffusion-plus, style mc_texture, 128x128, tileX/tileY, inputPalette palette_v1 (asset_iqNDxYiPXUjTXDZqZ2nQoPtd), bypassPromptExpansion, seed 204","ground surface texture: tilled field soil in parallel furrows with small crooked seedlings all leaning to the left, brown earth and green sprouts, seamless tileable, flat pixel-art shading",2026-09-27,10 CU,"Fase 2 passo 2, candidata immagine di riferimento (52)"
source-assets/scenario/2026-09-27-fase2-candidate/05_terreno_brina.png,Scenario,"model_retrodiffusion-plus, style mc_texture, 128x128, tileX/tileY, inputPalette palette_v1 (asset_iqNDxYiPXUjTXDZqZ2nQoPtd), bypassPromptExpansion, seed 205","ground surface texture: cold hard ground with patches of frost crust and dark soil cracks, pale blue-grey frost on slate soil, evenly spread, seamless tileable, flat pixel-art shading, no objects",2026-09-27,10 CU,"Fase 2 passo 2, candidata immagine di riferimento (52)"
source-assets/scenario/2026-09-27-fase2-candidate/06_terreno_cotto.png,Scenario,"model_retrodiffusion-plus, style mc_texture, 128x128, tileX/tileY, inputPalette palette_v1 (asset_iqNDxYiPXUjTXDZqZ2nQoPtd), bypassPromptExpansion, seed 206","ground surface texture: sun-baked cracked clay ground, bleached ochre and pale sand, dry polygonal cracks, evenly spread, seamless tileable, flat pixel-art shading, no objects",2026-09-27,10 CU,"Fase 2 passo 2, candidata immagine di riferimento (52)"
source-assets/scenario/2026-09-27-fase2-candidate/07_roccia_parete.png,Scenario,"model_retrodiffusion-plus, style mc_texture, 128x128, tileX/tileY, inputPalette palette_v1 (asset_iqNDxYiPXUjTXDZqZ2nQoPtd), bypassPromptExpansion, seed 207","rock surface texture: rough cliff rock face with large angular facets and thin cracks, warm grey stone, seamless tileable, flat pixel-art shading, no objects",2026-09-27,10 CU,"Fase 2 passo 2, candidata immagine di riferimento (52)"
source-assets/scenario/2026-09-27-fase2-candidate/08_roccia_masso.png,Scenario,"model_retrodiffusion-plus, style mc_texture, 128x128, tileX/tileY, inputPalette palette_v1 (asset_iqNDxYiPXUjTXDZqZ2nQoPtd), bypassPromptExpansion, seed 208","rock surface texture: weathered rounded boulder stone with small lichen spots, worn smooth warm grey, seamless tileable, flat pixel-art shading, no objects",2026-09-27,10 CU,"Fase 2 passo 2, candidata immagine di riferimento (52)"
source-assets/scenario/2026-09-27-fase2-candidate/09_roccia_ciottoli.png,Scenario,"model_retrodiffusion-plus, style mc_texture, 128x128, tileX/tileY, inputPalette palette_v1 (asset_iqNDxYiPXUjTXDZqZ2nQoPtd), bypassPromptExpansion, seed 209","stone surface texture: cobblestones of rounded stones set in packed earth, grey and warm brown, seamless tileable, flat pixel-art shading, no objects",2026-09-27,10 CU,"Fase 2 passo 2, candidata immagine di riferimento (52)"
source-assets/scenario/2026-09-27-fase2-candidate/10_roccia_strati.png,Scenario,"model_retrodiffusion-plus, style mc_texture, 128x128, tileX/tileY, inputPalette palette_v1 (asset_iqNDxYiPXUjTXDZqZ2nQoPtd), bypassPromptExpansion, seed 210","rock surface texture: layered sedimentary rock strata in horizontal bands, ochre, brown and grey layers, seen from the side, seamless tileable, flat pixel-art shading, no objects",2026-09-27,10 CU,"Fase 2 passo 2, candidata immagine di riferimento (52)"
source-assets/scenario/2026-09-27-fase2-candidate/11_corteccia_solchi.png,Scenario,"model_retrodiffusion-plus, style mc_texture, 128x128, tileX/tileY, inputPalette palette_v1 (asset_iqNDxYiPXUjTXDZqZ2nQoPtd), bypassPromptExpansion, seed 211","tree bark texture: deep vertical furrows and ridges, dark brown bark, seamless tileable, flat pixel-art shading, no objects",2026-09-27,10 CU,"Fase 2 passo 2, candidata immagine di riferimento (52)"
source-assets/scenario/2026-09-27-fase2-candidate/12_corteccia_storta.png,Scenario,"model_retrodiffusion-plus, style mc_texture, 128x128, tileX/tileY, inputPalette palette_v1 (asset_iqNDxYiPXUjTXDZqZ2nQoPtd), bypassPromptExpansion, seed 212","tree bark texture: twisted crooked bark with diagonal ridges, grey-brown and sun-bleached, seamless tileable, flat pixel-art shading, no objects",2026-09-27,10 CU,"Fase 2 passo 2, candidata immagine di riferimento (52)"
source-assets/scenario/2026-09-27-fase2-candidate/13_corteccia_bruciata.png,Scenario,"model_retrodiffusion-plus, style mc_texture, 128x128, tileX/tileY, inputPalette palette_v1 (asset_iqNDxYiPXUjTXDZqZ2nQoPtd), bypassPromptExpansion, seed 213","tree bark texture: dry bark scorched by the sun, cracked charcoal black and ash grey plates, seamless tileable, flat pixel-art shading, no objects",2026-09-27,10 CU,"Fase 2 passo 2, candidata immagine di riferimento (52)"
source-assets/scenario/2026-09-27-fase2-candidate/14_foglie_piccole.png,Scenario,"model_retrodiffusion-plus, style mc_texture, 128x128, tileX/tileY, inputPalette palette_v1 (asset_iqNDxYiPXUjTXDZqZ2nQoPtd), bypassPromptExpansion, seed 214","foliage texture: dense clusters of small leaves, olive and green with warm highlights, clumps of 3 to 6 pixels, seamless tileable, flat pixel-art shading, no objects",2026-09-27,10 CU,"Fase 2 passo 2, candidata immagine di riferimento (52)"
source-assets/scenario/2026-09-27-fase2-candidate/15_foglie_larghe.png,Scenario,"model_retrodiffusion-plus, style mc_texture, 128x128, tileX/tileY, inputPalette palette_v1 (asset_iqNDxYiPXUjTXDZqZ2nQoPtd), bypassPromptExpansion, seed 215","foliage texture: broad overlapping leaves, dark green with lighter veins, seamless tileable, flat pixel-art shading, no objects",2026-09-27,10 CU,"Fase 2 passo 2, candidata immagine di riferimento (52)"
source-assets/scenario/2026-09-27-fase2-candidate/16_foglie_felce.png,Scenario,"model_retrodiffusion-plus, style mc_texture, 128x128, tileX/tileY, inputPalette palette_v1 (asset_iqNDxYiPXUjTXDZqZ2nQoPtd), bypassPromptExpansion, seed 216","foliage texture: densely packed fern fronds, deep green with lighter tips, seamless tileable, flat pixel-art shading, no objects",2026-09-27,10 CU,"Fase 2 passo 2, candidata immagine di riferimento (52)"
source-assets/scenario/2026-09-27-fase2-candidate/17_foglie_secche.png,Scenario,"model_retrodiffusion-plus, style mc_texture, 128x128, tileX/tileY, inputPalette palette_v1 (asset_iqNDxYiPXUjTXDZqZ2nQoPtd), bypassPromptExpansion, seed 217","foliage texture: sun-dried leaves, yellow ochre mixed with olive green, clumps of 3 to 6 pixels, seamless tileable, flat pixel-art shading, no objects",2026-09-27,10 CU,"Fase 2 passo 2, candidata immagine di riferimento (52)"
source-assets/scenario/2026-09-27-fase2-candidate/18_stoffa_rattoppata.png,Scenario,"model_retrodiffusion-plus, style mc_texture, 128x128, tileX/tileY, inputPalette palette_v1 (asset_iqNDxYiPXUjTXDZqZ2nQoPtd), bypassPromptExpansion, seed 218","fabric texture: patched canvas cloth with mismatched square patches and dashed stitched seams, faded slate blue and beige, seamless tileable, flat pixel-art shading, no objects",2026-09-27,10 CU,"Fase 2 passo 2, candidata immagine di riferimento (52)"
source-assets/scenario/2026-09-27-fase2-candidate/19_stoffa_tenda_buio.png,Scenario,"model_retrodiffusion-plus, style mc_texture, 128x128, tileX/tileY, inputPalette palette_v1 (asset_iqNDxYiPXUjTXDZqZ2nQoPtd), bypassPromptExpansion, seed 219","fabric texture: heavy thick woven curtain cloth with wide folds, deep indigo and dark violet, seamless tileable, flat pixel-art shading, no objects",2026-09-27,10 CU,"Fase 2 passo 2, candidata immagine di riferimento (52)"
source-assets/scenario/2026-09-27-fase2-candidate/20_stoffa_canapa.png,Scenario,"model_retrodiffusion-plus, style mc_texture, 128x128, tileX/tileY, inputPalette palette_v1 (asset_iqNDxYiPXUjTXDZqZ2nQoPtd), bypassPromptExpansion, seed 220","fabric texture: coarse hemp sackcloth with visible weave, beige and light brown, seamless tileable, flat pixel-art shading, no objects",2026-09-27,10 CU,"Fase 2 passo 2, candidata immagine di riferimento (52)"
source-assets/scenario/2026-09-27-fase2-candidate/21_stoffa_telone.png,Scenario,"model_retrodiffusion-plus, style mc_texture, 128x128, tileX/tileY, inputPalette palette_v1 (asset_iqNDxYiPXUjTXDZqZ2nQoPtd), bypassPromptExpansion, seed 221","fabric texture: sun-faded tent canvas with wide stripes and a few patches, pale ochre and faded red, seamless tileable, flat pixel-art shading, no objects",2026-09-27,10 CU,"Fase 2 passo 2, candidata immagine di riferimento (52)"
source-assets/scenario/2026-09-27-fase2-candidate/22_legno_pianale.png,Scenario,"model_retrodiffusion-plus, style mc_texture, 128x128, tileX/tileY, inputPalette palette_v1 (asset_iqNDxYiPXUjTXDZqZ2nQoPtd), bypassPromptExpansion, seed 222","wood texture: weathered cart floor of horizontal wooden planks with nails, sun-bleached brown wood, planks 5 to 6 pixels wide, seamless tileable, flat pixel-art shading, no objects",2026-09-27,10 CU,"Fase 2 passo 2, candidata immagine di riferimento (52)"
source-assets/scenario/2026-09-27-fase2-candidate/23_legno_pareti.png,Scenario,"model_retrodiffusion-plus, style mc_texture, 128x128, tileX/tileY, inputPalette palette_v1 (asset_iqNDxYiPXUjTXDZqZ2nQoPtd), bypassPromptExpansion, seed 223","wood texture: vertical wooden wall boards held by horizontal iron bands with rivets, dark brown wood, seamless tileable, flat pixel-art shading, no objects",2026-09-27,10 CU,"Fase 2 passo 2, candidata immagine di riferimento (52)"
source-assets/scenario/2026-09-27-fase2-candidate/24_legno_travi.png,Scenario,"model_retrodiffusion-plus, style mc_texture, 128x128, tileX/tileY, inputPalette palette_v1 (asset_iqNDxYiPXUjTXDZqZ2nQoPtd), bypassPromptExpansion, seed 224","wood texture: old thick wooden beams with deep grain and knots, warm brown, seamless tileable, flat pixel-art shading, no objects",2026-09-27,10 CU,"Fase 2 passo 2, candidata immagine di riferimento (52)"
source-assets/scenario/2026-09-27-fase2-candidate/25_legno_verniciato.png,Scenario,"model_retrodiffusion-plus, style mc_texture, 128x128, tileX/tileY, inputPalette palette_v1 (asset_iqNDxYiPXUjTXDZqZ2nQoPtd), bypassPromptExpansion, seed 225","wood texture: wooden planks with peeling faded blue-grey paint showing brown wood underneath, seamless tileable, flat pixel-art shading, no objects",2026-09-27,10 CU,"Fase 2 passo 2, candidata immagine di riferimento (52)"
source-assets/scenario/2026-09-27-fase2-candidate/26_metallo_piastre.png,Scenario,"model_retrodiffusion-plus, style mc_texture, 128x128, tileX/tileY, inputPalette palette_v1 (asset_iqNDxYiPXUjTXDZqZ2nQoPtd), bypassPromptExpansion, seed 226","metal texture: dark iron plates riveted together with orange rust streaks, rivets every few pixels, seamless tileable, flat pixel-art shading, no objects",2026-09-27,10 CU,"Fase 2 passo 2, candidata immagine di riferimento (52)"
source-assets/scenario/2026-09-27-fase2-candidate/27_metallo_ali.png,Scenario,"model_retrodiffusion-plus, style mc_texture, 128x128, tileX/tileY, inputPalette palette_v1 (asset_iqNDxYiPXUjTXDZqZ2nQoPtd), bypassPromptExpansion, seed 227","metal texture: very dark heat-absorbing metal panel with raised horizontal ribs, almost black with thin warm edge highlights, seamless tileable, flat pixel-art shading, no objects",2026-09-27,10 CU,"Fase 2 passo 2, candidata immagine di riferimento (52)"
source-assets/scenario/2026-09-27-fase2-candidate/28_metallo_code_brina.png,Scenario,"model_retrodiffusion-plus, style mc_texture, 128x128, tileX/tileY, inputPalette palette_v1 (asset_iqNDxYiPXUjTXDZqZ2nQoPtd), bypassPromptExpansion, seed 228","metal texture: iron pipe surface coated with frost crystals, pale blue-grey frost over dark iron, seamless tileable, flat pixel-art shading, no objects",2026-09-27,10 CU,"Fase 2 passo 2, candidata immagine di riferimento (52)"
source-assets/scenario/2026-09-27-fase2-candidate/29_metallo_rame.png,Scenario,"model_retrodiffusion-plus, style mc_texture, 128x128, tileX/tileY, inputPalette palette_v1 (asset_iqNDxYiPXUjTXDZqZ2nQoPtd), bypassPromptExpansion, seed 229","metal texture: panel of copper pipes and brass fittings with small green oxidation spots, seamless tileable, flat pixel-art shading, no objects",2026-09-27,10 CU,"Fase 2 passo 2, candidata immagine di riferimento (52)"
source-assets/scenario/2026-09-27-fase2-candidate/30_metallo_ondulato.png,Scenario,"model_retrodiffusion-plus, style mc_texture, 128x128, tileX/tileY, inputPalette palette_v1 (asset_iqNDxYiPXUjTXDZqZ2nQoPtd), bypassPromptExpansion, seed 230","metal texture: rusty corrugated metal sheet with vertical waves, orange rust over grey steel, seamless tileable, flat pixel-art shading, no objects",2026-09-27,10 CU,"Fase 2 passo 2, candidata immagine di riferimento (52)"
source-assets/scenario/2026-09-27-fase2-candidate/V1_veduta_insieme.png,Scenario,"model_openai-gpt-image-2-5-sunburst, 1536x1024, quality high","Prompt completo con la formula di stile di docs/stile.md; soggetto: wide overview of several enormous field carts with tilted terraced crops, plants bent left toward a low sun on the left, rope bridge, long shadows to the right. No people, no text, no logos.",2026-09-27,12 CU,"Fase 2 passo 2, veduta dei Carri-campo (83): SOLO riferimento visivo, esclusa dall'addestramento (non è vera pixel art)"
source-assets/scenario/2026-09-27-fase2-candidate/V2_carro_ravvicinato.png,Scenario,"model_openai-gpt-image-2-5-sunburst, 1536x1024, quality high","Prompt completo con la formula di stile di docs/stile.md; soggetto: close view of one field cart with a tilted terrace of crooked crops and a wooden tilting mechanism. No people, no text, no logos.",2026-09-27,12 CU,"Fase 2 passo 2, veduta dei Carri-campo (83): SOLO riferimento visivo, esclusa dall'addestramento (non è vera pixel art)"
source-assets/scenario/2026-09-27-fase2-candidate/V3_colonna_giorno_notte.png,Scenario,"model_openai-gpt-image-2-5-sunburst, 1536x1024, quality high","Prompt completo con la formula di stile di docs/stile.md; soggetto: column of field carts crossing a plain from bleached ochre Day (left) to blue-violet frosty twilight (right). No people, no text, no logos.",2026-09-27,12 CU,"Fase 2 passo 2, veduta dei Carri-campo (83): SOLO riferimento visivo, esclusa dall'addestramento (non è vera pixel art)"
source-assets/scenario/2026-09-27-fase2-candidate/V4_sezione_esplorabile.png,Scenario,"model_openai-gpt-image-2-5-sunburst, 1536x1024, quality high","Prompt completo con la formula di stile di docs/stile.md; soggetto: explorable diorama section on a field cart: three terrace levels, stairs, plank bridge, lantern post, vegetation bent left. No people, no text, no logos.",2026-09-27,12 CU,"Fase 2 passo 2, veduta dei Carri-campo (83): SOLO riferimento visivo, esclusa dall'addestramento (non è vera pixel art)"
(non scaricato) prova stile textured (asset_H9TB7GwNefGuuWRW8KKFY4vG),Scenario,"retrodiffusion-plus textured, 128x128",prato secco del Crepuscolo (varianti del prompt della candidata 01),2026-09-27,10 CU,"Fase 2 passo 2, prova di stile scartata; resta solo su Scenario"
(non scaricato) prova stile default (asset_ytZxhH8xYqiNS9gh7tnfuQME),Scenario,"retrodiffusion-plus default, 128x128",prato secco del Crepuscolo (varianti del prompt della candidata 01),2026-09-27,10 CU,"Fase 2 passo 2, prova di stile scartata; resta solo su Scenario"
(non scaricato) prova textured senza espansione (asset_W8CCNYMcWZDvcnQaNnfpDeDx),Scenario,"retrodiffusion-plus textured bypass, 128x128",prato secco del Crepuscolo (varianti del prompt della candidata 01),2026-09-27,10 CU,"Fase 2 passo 2, prova di stile scartata; resta solo su Scenario"
(non scaricato) prova Retro Diffusion Tile (asset_CmEcrSSmK9xZa8DbRa1hyLyU),Scenario,"retrodiffusion-tile single_tile, 128x128",prato secco del Crepuscolo (varianti del prompt della candidata 01),2026-09-27,10 CU,"Fase 2 passo 2, prova di stile scartata; resta solo su Scenario"
(non scaricato) prova stile low_res (asset_CYN8mZWdoyvkUHQhe4CDUUZw),Scenario,"retrodiffusion-plus low_res, 128x128",prato secco del Crepuscolo (varianti del prompt della candidata 01),2026-09-27,10 CU,"Fase 2 passo 2, prova di stile scartata; resta solo su Scenario"
